Nombre,Apellido,Email,Telefono,FechaRegistro
Juan,P�rez,juan.perez@email.com,612 345 678,2023-08-15
Mar�a,G�mez,maria.gomez@email.com,613 456 789,2023-09-10
Carlos,L�pez,carlos.lopez@email.com,614 567 890,2023-07-05
Ana,Mart�nez,ana.martinez@email.com,615 678 901,2023-06-20
Luis,Rodr�guez,luis.rodriguez@email.com,616 789 012,2023-05-10
Isabel,Fern�ndez,isabel.fernandez@email.com,617 890 123,2023-10-01
Javier,S�nchez,javier.sanchez@email.com,618 901 234,2023-04-25
Laura,P�rez,laura.perez@email.com,619 012 345,2023-11-03
Mario,D�az,mario.diaz@email.com,620 123 456,2023-03-17
Carolina,S�nchez,carolina.sanchez@email.com,621 234 567,2023-02-22
Pedro,Romero,pedro.romero@email.com,622 345 678,2023-01-10
Marta,Hern�ndez,marta.hernandez@email.com,623 456 789,2023-12-14
Alberto,Ruiz,alberto.ruiz@email.com,624 567 890,2023-09-25
Silvia,G�mez,silvia.gomez@email.com,625 678 901,2023-08-05
Manuel,D�az,manuel.diaz@email.com,626 789 012,2023-07-30
Patricia,Mart�nez,patricia.martinez@email.com,627 890 123,2023-06-17
Tom�s,Rodr�guez,tomas.rodriguez@email.com,628 901 234,2023-05-25
Raquel,L�pez,raquel.lopez@email.com,629 012 345,2023-04-12
Andr�s,Fern�ndez,andres.fernandez@email.com,630 123 456,2023-03-08
Beatriz,S�nchez,beatriz.sanchez@email.com,631 234 567,2023-02-01
Emilia,Escalante,emilia.escalante@outlook.com,987 267 895,2022-02-11
