Nombre,Apellido,Email,Tel�fono,FechaRegistro
Juan,P�rez,juan.perez@email.com,612345678,2023-08-15
Mar�a,G�mez,maria.gomez@email.com,613456789,2023-09-10
Carlos,L�pez,carlos.lopez@email.com,614567890,2023-07-05
Ana,Mart�nez,ana.martinez@email.com,615678901,2023-06-20
Luis,Rodr�guez,luis.rodriguez@email.com,616789012,2023-05-10
Isabel,Fern�ndez,isabel.fernandez@email.com,617890123,2023-10-01
Javier,S�nchez,javier.sanchez@email.com,618901234,2023-04-25
Laura,P�rez,laura.perez@email.com,619012345,2023-11-03
Mario,D�az,mario.diaz@email.com,620123456,2023-03-17
Carolina,S�nchez,carolina.sanchez@email.com,621234567,2023-02-22
Pedro,Romero,pedro.romero@email.com,622345678,2023-01-10
Marta,Hern�ndez,marta.hernandez@email.com,623456789,2023-12-14
Alberto,Ruiz,alberto.ruiz@email.com,624567890,2023-09-25
Silvia,G�mez,silvia.gomez@email.com,625678901,2023-08-05
Manuel,D�az,manuel.diaz@email.com,626789012,2023-07-30
Patricia,Mart�nez,patricia.martinez@email.com,627890123,2023-06-17
Tom�s,Rodr�guez,tomas.rodriguez@email.com,628901234,2023-05-25
Raquel,L�pez,raquel.lopez@email.com,629012345,2023-04-12
Andr�s,Fern�ndez,andres.fernandez@email.com,630123456,2023-03-08
Beatriz,S�nchez,beatriz.sanchez@email.com,631234567,2023-02-01
Emilia,Escalante,emilia.escalante@outlook.com,987267895,02-11-2022
